{
  "accuracy": 0.8291801828369213,
  "f1_score": 0.5353920192500501,
  "best_params": {
    "class_weight": {
      "0": 1,
      "1": 7.548622366288493
    },
    "criterion": "gini",
    "max_depth": null,
    "min_samples_leaf": 10,
    "min_samples_split": 50
  }
}